{
  "K": [
    [
      1658.42,
      0,
      285.86
    ],
    [
      0,
      1658.42,
      248.5817
    ],
    [
      0,
      0,
      1
    ]
  ],
  "R": [
    [
      -0.97875,
      0.020007,
      -0.20416
    ],
    [
      -0.14558,
      0.63342,
      0.75999
    ],
    [
      0.14453,
      0.77355,
      -0.61703
    ]
  ],
  "t": [
    0.58624,
    -1.8336,
    5.4693
  ],
  "minDepth": 3.13758826,
  "maxDepth": 3.45401478,
  "minFlowX": 7.13114405,
  "maxFlowX": 64.0145111,
  "minFlowY": -0.609412074,
  "maxFlowY": 29.2073689,
  "lightPos": [
    -0.134131894,
    -2.87023306,
    4.60756731
  ]
}