{
  "K": [
    [
      1645.7617,
      0,
      270.7017
    ],
    [
      0,
      1645.7617,
      242.92
    ],
    [
      0,
      0,
      1
    ]
  ],
  "R": [
    [
      -0.99252,
      -0.1177,
      0.032834
    ],
    [
      -0.049876,
      0.63558,
      0.77043
    ],
    [
      -0.11155,
      0.76301,
      -0.63668
    ]
  ],
  "t": [
    -0.091303,
    -1.8275,
    5.5034
  ],
  "minDepth": 3.11048818,
  "maxDepth": 3.42482901,
  "minFlowX": -64.0626831,
  "maxFlowX": -7.30898428,
  "minFlowY": -29.0893269,
  "maxFlowY": 0.482285887,
  "lightPos": [
    -0.134122685,
    -2.87021804,
    4.60759306
  ]
}