{
  "K": [
    [
      1500,
      0,
      256.5
    ],
    [
      0,
      1500,
      256.5
    ],
    [
      0,
      0,
      1
    ]
  ],
  "R": [
    [
      0.9980646,
      -0.005507423,
      -0.06194193
    ],
    [
      0.0128864,
      -0.9561329,
      0.2926498
    ],
    [
      -0.06083645,
      -0.2928816,
      -0.9542114
    ]
  ],
  "t": [
    0.01617681,
    0.8456861,
    7.559828
  ],
  "minDepth": 6.228597,
  "maxDepth": 7.842968,
  "lightPos": [
    0.4328698,
    3.022812,
    6.967186
  ]
}