{"K":[[1645.7617,0,270.7017],[0,1645.7617,242.92],[0,0,1]],"R":[[0.15428,-0.55332,0.81856],[0.2811,0.81882,0.50051],[-0.94719,0.15288,0.28187]],"t":[-2.6244,-0.96874,2.573],"minDepth":3.10796452,"maxDepth":3.36308026,"minFlowX":-64.4802933,"maxFlowX":-25.1410637,"minFlowY":-29.99617,"maxFlowY":1.09011126,"lightPos":[2.79557586,-1.3636992,2.40604448]}