{"K":[[1658.42,0,285.86],[0,1658.42,248.5817],[0,0,1]],"R":[[-0.73845,-0.42537,0.52322],[0.14241,0.66005,0.7376],[-0.6591,0.61919,-0.42684]],"t":[-1.7497,-1.7678,4.872],"minDepth":3.13654065,"maxDepth":3.88176036,"minFlowX":-44.2802048,"maxFlowX":64.2673,"minFlowY":-9.45521259,"maxFlowY":29.7257442,"lightPos":[2.10465765,-2.32146645,3.89095354]}