{"K":[[1645.7617,0,270.7017],[0,1645.7617,242.92],[0,0,1]],"R":[[0.9806,0.098024,-0.16976],[-0.057403,0.97162,0.22946],[0.18744,-0.21526,0.9584]],"t":[0.53095,-0.09525,0.39474],"minDepth":3.10438061,"maxDepth":3.34296703,"minFlowX":-65.3438263,"maxFlowX":-16.7866764,"minFlowY":-30.0746155,"maxFlowY":0.640120804,"lightPos":[-2.8984E-6,8.80252E-7,-4.45248E-6]}