{"K":[[1658.42,0,285.86],[0,1658.42,248.5817],[0,0,1]],"R":[[0.68177,-0.40569,0.60878],[0.23564,0.90958,0.34224],[-0.69258,-0.089875,0.71572]],"t":[-2.0387,-0.50308,1.2155],"minDepth":3.13280439,"maxDepth":3.8928349,"minFlowX":-37.4737511,"maxFlowX":65.0485077,"minFlowY":-1.26694262,"maxFlowY":37.5446548,"lightPos":[1.86051846,-0.299767613,0.604573667]}