{"K":[[1658.42,0,285.86],[0,1658.42,248.5817],[0,0,1]],"R":[[0.76901,0.31643,-0.55545],[-0.21269,0.94604,0.24447],[0.60284,-0.069859,0.7948]],"t":[1.6854,-0.18635,0.95052],"minDepth":3.13191772,"maxDepth":3.50478315,"minFlowX":16.0924244,"maxFlowX":65.2940063,"minFlowY":-1.70463943,"maxFlowY":30.9738884,"lightPos":[-1.86373186,-0.529781759,0.657484591]}