{"K":[[1658.42,0,285.86],[0,1658.42,248.5817],[0,0,1]],"R":[[0.99685,-0.053473,0.058501],[0.038857,0.97305,0.2273],[-0.069079,-0.22432,0.97206]],"t":[-0.2806,-0.13041,0.38659],"minDepth":3.13144398,"maxDepth":3.40549469,"minFlowX":16.167202,"maxFlowX":65.2499542,"minFlowY":-0.661854804,"maxFlowY":30.1569176,"lightPos":[-3.11143799E-6,3.15533907E-6,4.62193702E-6]}