{"K":[[1645.7617,0,270.7017],[0,1645.7617,242.92],[0,0,1]],"R":[[0.9806,0.098024,-0.16976],[-0.057403,0.97162,0.22946],[0.18744,-0.21526,0.9584]],"t":[0.53095,-0.09525,0.39474],"minDepth":3.10428524,"maxDepth":3.34405065,"minFlowX":-65.3047256,"maxFlowX":-13.2902069,"minFlowY":-30.1112251,"maxFlowY":0.628889799,"lightPos":[-2.8984E-6,8.80252E-7,-4.45248E-6]}