{"K":[[1645.7617,0,270.7017],[0,1645.7617,242.92],[0,0,1]],"R":[[-0.52923,-0.50445,0.68225],[0.20649,0.70333,0.68021],[-0.82297,0.50086,-0.26805]],"t":[-2.1808,-1.5438,4.3326],"minDepth":3.10996461,"maxDepth":3.9360981,"minFlowX":-64.3527374,"maxFlowX":44.3429642,"minFlowY":-29.7216873,"maxFlowY":7.9534812,"lightPos":[2.10471749,-2.32145166,3.89095306]}