{"K":[[1658.42,0,285.86],[0,1658.42,248.5817],[0,0,1]],"R":[[0.086069,0.4798,-0.87316],[-0.36885,0.82948,0.41944],[0.9255,0.28596,0.24834]],"t":[2.71,-0.74476,2.6967],"minDepth":3.13406253,"maxDepth":3.84629607,"minFlowX":-40.8817,"maxFlowX":64.784317,"minFlowY":-8.08320141,"maxFlowY":29.8838425,"lightPos":[-2.6220057,-1.58589482,2.29526782]}