{"K":[[1658.42,0,285.86],[0,1658.42,248.5817],[0,0,1]],"R":[[0.99685,-0.053473,0.058501],[0.038857,0.97305,0.2273],[-0.069079,-0.22432,0.97206]],"t":[-0.2806,-0.13041,0.38659],"minDepth":3.13177896,"maxDepth":3.36306691,"minFlowX":13.1467514,"maxFlowX":65.3125153,"minFlowY":-0.710734308,"maxFlowY":30.1578884,"lightPos":[-3.11143799E-6,3.15533907E-6,4.62193702E-6]}