{"K":[[1658.42,0,285.86],[0,1658.42,248.5817],[0,0,1]],"R":[[0.65321,-0.42403,0.62731],[0.24206,0.90195,0.35762],[-0.71745,-0.081754,0.69181]],"t":[-2.0983,-0.55007,1.2913],"minDepth":3.13272023,"maxDepth":3.8757956,"minFlowX":-35.3157196,"maxFlowX":65.0348,"minFlowY":-1.28693008,"maxFlowY":36.6478691,"lightPos":[1.93800306,-0.31827879,0.664455116]}