{"K":[[1645.7617,0,270.7017],[0,1645.7617,242.92],[0,0,1]],"R":[[0.5663,0.41209,-0.7138],[-0.27988,0.91073,0.30373],[0.77525,0.027785,0.63106]],"t":[2.2739,-0.33408,1.4394],"minDepth":3.1063261,"maxDepth":3.40063858,"minFlowX":-65.3226318,"maxFlowX":-16.265276,"minFlowY":-31.138752,"maxFlowY":1.73529291,"lightPos":[-1.86375403,-0.52976948,0.657412708]}