{"K":[[1658.42,0,285.86],[0,1658.42,248.5817],[0,0,1]],"R":[[-0.11944,-0.57199,0.81152],[0.27959,0.76491,0.58028],[-0.95266,0.2962,0.068567]],"t":[-2.6792,-1.2651,3.2888],"minDepth":3.13386202,"maxDepth":3.36124778,"minFlowX":25.4904175,"maxFlowX":64.4949417,"minFlowY":-1.12632442,"maxFlowY":30.0226307,"lightPos":[2.79557633,-1.36366808,2.40595412]}