{"K":[[1645.7617,0,270.7017],[0,1645.7617,242.92],[0,0,1]],"R":[[-0.85084,0.19909,-0.48625],[-0.24667,0.66577,0.70421],[0.46392,0.71911,-0.51737]],"t":[1.561,-1.6163,5.1167],"minDepth":3.11058855,"maxDepth":3.41751456,"minFlowX":-68.3893433,"maxFlowX":-18.053318,"minFlowY":-29.7827435,"maxFlowY":1.7336818,"lightPos":[-1.68940198,-2.58801579,4.01500463]}