{"K":[[1658.42,0,285.86],[0,1658.42,248.5817],[0,0,1]],"R":[[-0.9907,-0.03674,-0.13107],[-0.12499,0.62696,0.76896],[0.053915,0.77818,-0.62572]],"t":[0.34601,-1.8658,5.5008],"minDepth":3.13663244,"maxDepth":3.87795138,"minFlowX":-35.6512489,"maxFlowX":64.0813904,"minFlowY":-1.24742031,"maxFlowY":37.326973,"lightPos":[0.128146186,-2.8687284,4.61663961]}