{"K":[[1645.7617,0,270.7017],[0,1645.7617,242.92],[0,0,1]],"R":[[0.83435,-0.30164,0.46138],[0.17189,0.93763,0.30216],[-0.52376,-0.1728,0.83416]],"t":[-1.4886,-0.33071,0.80049],"minDepth":3.10578585,"maxDepth":3.72602296,"minFlowX":-64.9803391,"maxFlowX":34.3275757,"minFlowY":-36.8895416,"maxFlowY":1.36475301,"lightPos":[1.93800128,-0.318287641,0.664461076]}