{"K":[[1645.7617,0,270.7017],[0,1645.7617,242.92],[0,0,1]],"R":[[0.85489,-0.2812,0.436],[0.16299,0.9434,0.28885],[-0.49255,-0.17587,0.85233]],"t":[-1.4075,-0.29034,0.74309],"minDepth":3.10569286,"maxDepth":3.72399211,"minFlowX":-65.1071,"maxFlowX":34.1985359,"minFlowY":-37.5599556,"maxFlowY":1.31656837,"lightPos":[1.86053979,-0.299778491,0.604601681]}