{"K":[[1645.7617,0,270.7017],[0,1645.7617,242.92],[0,0,1]],"R":[[-0.18794,0.4676,-0.86374],[-0.36699,0.78228,0.50335],[0.91105,0.41159,0.024555]],"t":[2.7622,-0.97219,3.3798],"minDepth":3.10846448,"maxDepth":3.910357,"minFlowX":-64.7867889,"maxFlowX":40.8817711,"minFlowY":-29.9147606,"maxFlowY":8.07261848,"lightPos":[-2.62203026,-1.5859437,2.295331]}