{"K":[[1658.42,0,285.86],[0,1658.42,248.5817],[0,0,1]],"R":[[-0.67715,0.31081,-0.667],[-0.31899,0.69285,0.6467],[0.66311,0.65067,-0.37002]],"t":[2.0577,-1.4727,4.6763],"minDepth":3.13618827,"maxDepth":3.3947382,"minFlowX":17.8253689,"maxFlowX":68.1149445,"minFlowY":-1.68572199,"maxFlowY":29.7999687,"lightPos":[-1.68934345,-2.5879426,4.01498652]}