{"K":[[1645.7617,0,270.7017],[0,1645.7617,242.92],[0,0,1]],"R":[[-0.97898,-0.1741,0.10624],[-0.029057,0.63463,0.77228],[-0.20188,0.75295,-0.62635]],"t":[-0.33355,-1.8363,5.4722],"minDepth":3.11068821,"maxDepth":3.73974252,"minFlowX":-64.1514282,"maxFlowX":35.5069313,"minFlowY":-36.7638969,"maxFlowY":1.38194513,"lightPos":[0.128122687,-2.86866379,4.61669254]}