{"K":[[1500,0,256.5],[0,1500,256.5],[0,0,1]],"R":[[0.9664097,0.005574051,-0.256946],[0.07895747,-0.957854,0.2761908],[-0.2445773,-0.2872013,-0.9261195]],"t":[0.06752072,0.8386523,7.585504],"minDepth":6.82049,"maxDepth":7.8246,"lightPos":[1.723771,2.981497,6.810804]}