{"K":[[1500,0,256.5],[0,1500,256.5],[0,0,1]],"R":[[0.9094463,0.006692849,-0.4157676],[0.1308027,-0.9537177,0.2707641],[-0.3947127,-0.300629,-0.8682305]],"t":[-0.0993939,0.6777298,7.569307],"minDepth":7.109854,"maxDepth":7.666016,"lightPos":[-3.104336,2.95145,6.184986]}