{"K":[[1500,0,256.5],[0,1500,256.5],[0,0,1]],"R":[[0.8834733,0.004646152,0.4684584],[-0.1302175,-0.958111,0.2550817],[0.4500203,-0.2863594,-0.8458605]],"t":[-0.1723111,0.8913311,7.549399],"minDepth":7.432118,"maxDepth":7.926435,"lightPos":[-3.129084,3.016636,6.239097]}