{"K":[[1500,0,256.5],[0,1500,256.5],[0,0,1]],"R":[[0.8840969,-0.01542666,-0.4670489],[0.1308489,-0.9513021,0.2791111],[-0.4486103,-0.3078741,-0.8390247]],"t":[0.156711,0.7234005,7.547806],"minDepth":6.723187,"maxDepth":7.756848,"lightPos":[3.152819,3.014364,6.204078]}