{"K":[[1500,0,256.5],[0,1500,256.5],[0,0,1]],"R":[[0.9877893,0.005086675,0.1557123],[-0.04333317,-0.9510577,0.3059601],[0.1496477,-0.3089716,-0.9392242]],"t":[-0.01228513,0.6873118,7.492712],"minDepth":7.433935,"maxDepth":7.847463,"lightPos":[2.00338,3.093353,6.711447]}