{"K":[[1500,0,256.5],[0,1500,256.5],[0,0,1]],"R":[[0.9348333,-0.01535428,0.3547549],[-0.1146153,-0.9586362,0.2605378],[0.3360805,-0.2842197,-0.8979248]],"t":[0.1248078,0.8874813,7.563385],"minDepth":6.699902,"maxDepth":7.843021,"lightPos":[-2.556862,3.002352,6.515853]}