{"K":[[1500,0,256.5],[0,1500,256.5],[0,0,1]],"R":[[0.9759738,0.01208475,0.2175523],[-0.05008417,-0.9592825,0.2779723],[0.2120534,-0.2821896,-0.9356294]],"t":[-0.1039031,0.8771779,7.483544],"minDepth":7.22911,"maxDepth":7.98361,"lightPos":[-1.441571,2.954496,6.780598]}