{"K":[[1500,0,256.5],[0,1500,256.5],[0,0,1]],"R":[[0.9427029,0.003213588,0.3336179],[-0.09357782,-0.9572682,0.2736434],[0.3202412,-0.2891836,-0.9021188]],"t":[0.00182507,0.8986402,7.50685],"minDepth":6.431598,"maxDepth":8.038995,"lightPos":[-2.315704,2.952325,6.59049]}