{"K":[[1500,0,256.5],[0,1500,256.5],[0,0,1]],"R":[[0.7550384,-0.0004629716,0.6556804],[-0.1870672,-0.9585894,0.2147374],[0.6284289,-0.2847912,-0.7238584]],"t":[0.171935,0.8336241,7.600313],"minDepth":7.326901,"maxDepth":8.205686,"lightPos":[-1.626317,2.983131,6.709285]}