{"K":[[1500,0,256.5],[0,1500,256.5],[0,0,1]],"R":[[0.8829775,-0.0103033,0.4693023],[-0.1503025,-0.9533303,0.2618595],[0.4447021,-0.3017533,-0.8433179]],"t":[-0.1352993,0.678684,7.515658],"minDepth":7.335866,"maxDepth":7.666118,"lightPos":[-3.120755,2.913491,6.223866]}