{"K":[[1500,0,256.5],[0,1500,256.5],[0,0,1]],"R":[[0.8582764,-0.006766029,-0.5131431],[0.1420009,-0.9577406,0.2501372],[-0.4931504,-0.2875537,-0.8210455]],"t":[-0.09849884,0.8062449,7.594148],"minDepth":7.129768,"maxDepth":7.766745,"lightPos":[-4.44252,2.927529,5.434014]}