{
  "K": [
    [
      1500,
      0,
      256.5
    ],
    [
      0,
      1500,
      256.5
    ],
    [
      0,
      0,
      1
    ]
  ],
  "R": [
    [
      0.9980406,
      0.001627386,
      0.06254897
    ],
    [
      -0.01712525,
      -0.954386,
      0.2980841
    ],
    [
      0.06018095,
      -0.2985712,
      -0.9524881
    ]
  ],
  "t": [
    -0.06942736,
    0.8377512,
    7.521387
  ],
  "minDepth": 6.748453,
  "maxDepth": 7.445994,
  "lightPos": [
    1.652537,
    2.980862,
    6.765365
  ]
}