{"K":[[1500,0,256.5],[0,1500,256.5],[0,0,1]],"R":[[0.9989667,-0.004797711,-0.04519471],[0.008154158,-0.9593567,0.2820783],[-0.04471118,-0.2821554,-0.9583263]],"t":[0.09566709,0.9774055,7.541585],"minDepth":7.258369,"maxDepth":7.921834,"lightPos":[0.2336551,3.066039,6.955918]}