{"K":[[1500,0,256.5],[0,1500,256.5],[0,0,1]],"R":[[0.8436061,0.00400006,0.5369476],[-0.1568513,-0.9545229,0.2535422],[0.513543,-0.2981107,-0.8046139]],"t":[0.01860711,0.811179,7.508924],"minDepth":7.291425,"maxDepth":8.076674,"lightPos":[-4.59389,2.99583,5.328294]}