{"K":[[1500,0,256.5],[0,1500,256.5],[0,0,1]],"R":[[0.7894762,-0.009450115,0.6137084],[-0.1890629,-0.9550081,0.2285054],[0.5839371,-0.296429,-0.7557428]],"t":[0.005804671,0.7759877,7.676829],"minDepth":7.268647,"maxDepth":7.919128,"lightPos":[0.5005306,2.919029,7.050737]}