{"K":[[1500,0,256.5],[0,1500,256.5],[0,0,1]],"R":[[0.8292857,0.008881092,-0.5587543],[0.1658843,-0.9587173,0.2309622],[-0.5336362,-0.2842222,-0.7965239]],"t":[-0.1063578,0.8585507,7.557339],"minDepth":6.669652,"maxDepth":7.587524,"lightPos":[-0.4124983,3.009633,7.059502]}