{"K":[[1500,0,256.5],[0,1500,256.5],[0,0,1]],"R":[[0.9039094,-0.003556561,0.4277093],[-0.1273059,-0.9568837,0.261088],[0.4083394,-0.2904497,-0.8653889]],"t":[0.05822274,0.8283281,7.538838],"minDepth":7.347627,"maxDepth":7.922455,"lightPos":[-0.7706922,3.024711,6.958248]}