{"K":[[1500,0,256.5],[0,1500,256.5],[0,0,1]],"R":[[0.9737158,0.01552311,-0.2272367],[0.08298524,-0.9532779,0.2904733],[-0.2121107,-0.3016957,-0.9295099]],"t":[0.07010089,0.7458639,7.520161],"minDepth":6.930035,"maxDepth":7.532329,"lightPos":[1.464953,2.978728,6.78934]}