{"K":[[1500,0,256.5],[0,1500,256.5],[0,0,1]],"R":[[0.8262404,-0.006299876,-0.5632824],[0.1524481,-0.9601239,0.2343539],[-0.5422972,-0.2795039,-0.7923328]],"t":[-0.1278213,0.9353962,7.57762],"minDepth":7.044487,"maxDepth":7.706135,"lightPos":[4.072334,3.015265,5.712783]}