{"K":[[1500,0,256.5],[0,1500,256.5],[0,0,1]],"R":[[0.7314371,-0.001445681,-0.6819074],[0.1886275,-0.9605492,0.2043647],[-0.6553011,-0.2781065,-0.7023086]],"t":[-0.007072121,0.9437547,7.574426],"minDepth":7.325749,"maxDepth":7.711133,"lightPos":[4.790684,3.01301,5.121892]}